USE employee_tracker_db;

INSERT INTO department (id, name)
VALUES
  (1, 'Operations')
 ,(2, 'Finance')
 ,(3, 'Producct')
 ,(4, 'Marketing')
 ,(5, 'Sales')
 ,(6, 'Human Resources')
 ,(7, 'Business Developent')
 ,(8, 'CEO & Assistant')
;

INSERT INTO role (id, title, salary, department_id)
VALUES 
  ( 1, 'CEO', 350000, 8)
 ,( 2, 'COO', 250000, 1)
 ,( 3, 'CFO', 250000, 2)
 ,( 4, 'CTO', 250000, 3)
 ,( 5, 'CMO', 250000, 4)
 ,( 6, 'Sales Director', 210000, 5)
 ,( 7, 'Human Resources Director', 130000, 6)
 ,( 8, 'Business Development Director', 190000, 7)
 ,( 9, 'Cheif of Staff', 75000, 8)
 ,(10, 'Executive Assistant', 75000, 1)
 ,(11, 'Finance Director', 180000, 2)
 ,(12, 'Controller', 115000, 2)
 ,(13, 'Analyst', 70000, 2)
 ,(14, 'Acountant', 85000, 2)
 ,(15, 'Bookkeeper', 50000, 2)
 ,(16, 'Lead Engineer', 210000, 3)
 ,(17, 'Product Manager', 160000, 3)
 ,(18, 'UX developer', 90000, 3)
 ,(19, 'Systems Engineer', 90000, 3)
 ,(20, 'Full Stack Web Developer', 100000, 3)
 ,(21, 'Marketing Director', 140000, 4)
 ,(22, 'Marketing Associate', 70000, 4)
 ,(23, 'Regional Sales Manager', 90000, 5)
 ,(24, 'Sales Rep', 65000, 5)
 ,(25, 'Human Resources Rep', 55000, 7)
 ,(26, 'Business Development Rep', 65000, 7)
;

INSERT INTO employee (first_name, last_name, role_id, manager_id)
VALUES
  ('Valerie', 'Boss', 1, null)
 ,('Logan', 'Cunningham', 2, 1)
 ,('David', 'Wallace', 3, 1)
 ,('Tess', 'Lane', 4, 1)
 ,('Mark', 'Adzenya', 5, 1)
 ,('Rachel', 'Sale', 6, 2)
 ,('Toby', 'Flenderson', 7, 2)
 ,('Jerome', 'Perkins', 8, 2)
 ,('Ashley', 'Frank', 9, 1)
 ,('Jerry', 'Simone', 10, 2)
 ,('Alice', 'Finestein', 11, 3)
 ,('Mike', 'Gordon', 12, 11)
 ,('Jesse', 'Brooks', 13, 11)
 ,('Sarah', 'Campbell', 13, 11)
 ,('Barry', 'Jacobs', 14, 11)
 ,('Michelle', 'Bell', 15, 15)
 ,('Kevin', 'Booker', 15, 15)
 ,('Steve', 'Wozniak', 16, 4)
 ,('Will', 'Price', 17, 18)
 ,('Jane', 'Sanders', 17, 18)
 ,('Kristina', 'Woodward', 18, 19)
 ,('Yousef', 'Glass', 18, 20)
 ,('Melisa', 'Terry', 19, 19)
 ,('Cisco', 'Cleveland', 19, 20)
 ,('Devyn', 'Fusaro', 20, 19)
 ,('Deante', 'Jones', 20, 20)
 ,('Matt', 'Gross', 20, 20)
 ,('Allie', 'Tiger', 21, 5)
 ,('Billy', 'Queen', 22, 28)
 ,('Franco', 'Sellers', 23, 6)
 ,('Michael', 'Scott', 23, 6)
 ,('Todd', 'Packer', 24, 31)
 ,('Phyllis', 'Vance', 24, 31)
 ,('Dwight', 'Schrute', 24, 31)
 ,('Jim', 'Halpert', 24, 31)
 ,('Emily', 'Wild', 24, 30)
 ,('James', 'Henderson', 24, 30)
 ,('Holly', 'Flax', 25, 7)
 ,('Sallie', 'Deleon', 26, 8)
 ,('Malikah', 'Devine', 26, 8)
;